27252,2048,([4][8][4][2])([16][32][16][8])([64][512][64][32])([2048][2][256][64])
34328,2048,([2][4][8][2])([4][8][32][16])([256][128][64][32])([1024][2048][256][64])
11692,1024,([4][2][8][2])([16][32][16][8])([64][1024][64][16])([128][2][128][64])
51912,4096,([2][8][2][4])([4][16][8][2])([2][32][128][32])([4096][512][256][128])
31568,2048,([4][8][4][2])([16][32][16][8])([2048][1024][64][32])([16][4][256][4])
148528,8192,([2][4][8][2])([16][64][16][4])([256][2048][64][16])([2048][8192][2][1024])
80440,4096,([4][2][8][4])([32][128][32][16])([4][32][1024][256])([4096][2048][4][512])
16916,1024,([2][4][2][4])([8][2][8][2])([256][128][64][4])([512][1024][128][64])
61252,4096,([4][2][8][4])([2][4][16][8])([4][64][256][16])([4096][1024][512][256])
80756,4096,([4][8][2][4])([8][4][64][16])([16][64][256][128])([4096][2048][1024][512])
132892,8192,([2][4][2][4])([4][8][16][32])([8][64][256][128])([8192][2048][1024][512])
36284,2048,([2][4][8][2])([4][8][32][16])([8][32][128][64])([2048][1024][512][256])
34476,2048,([2][4][8][2])([4][32][16][32])([8][1024][64][128])([2048][2][512][4])
79788,4096,([2][4][8][2])([4][16][32][16])([8][32][256][64])([4096][2048][1024][512])
60812,4096,([2][4][2][4])([64][8][4][2])([128][512][64][16])([1024][4096][256][64])
31316,2048,([2][4][2][4])([8][16][4][2])([2][8][32][16])([2048][1024][256][32])
17544,1024,([2][4][2][4])([4][2][8][2])([256][128][32][8])([512][1024][256][32])
16024,1024,([2][4][2][8])([4][8][4][2])([8][16][32][64])([1024][512][256][128])
19328,1024,([2][4][2][4])([4][8][4][2])([16][64][32][8])([1024][128][1024][16])
80432,4096,([2][8][4][2])([4][16][64][8])([16][2048][128][256])([4096][2][1024][512])
45356,4096,([2][4][2][4])([4][16][8][2])([32][64][16][4])([64][4096][32][8])
68072,4096,([2][8][2][4])([4][16][32][16])([512][128][64][32])([1024][4096][1024][64])
38788,2048,([4][2][4][2])([2][64][8][16])([512][256][128][64])([1024][2048][256][128])
80248,4096,([2][4][8][4])([8][16][32][8])([16][32][256][128])([4096][2048][1024][512])
110000,8192,([4][16][4][2])([16][64][32][8])([128][1024][64][128])([8192][2][256][2])
78848,4096,([2][4][2][4])([8][64][32][8])([32][1024][128][16])([4096][2048][2][512])
31472,2048,([4][2][4][2])([2][16][32][4])([16][256][8][2])([2048][1024][2][64])
56996,4096,([2][4][8][2])([4][8][32][16])([16][128][64][32])([4096][256][1024][64])
69032,4096,([4][2][4][2])([2][8][16][8])([8][16][32][16])([4096][2048][512][64])
31892,2048,([2][4][8][2])([4][8][32][16])([8][16][64][32])([2048][1024][256][64])
17108,1024,([2][4][2][4])([4][8][32][8])([256][128][64][16])([512][1024][128][64])
16224,1024,([2][4][8][2])([4][16][32][16])([16][32][256][64])([1024][512][4][128])
32296,2048,([2][4][8][2])([16][64][32][4])([2][16][256][2])([2048][1024][2][128])
55012,4096,([2][4][8][2])([16][32][16][4])([4][64][1024][16])([4096][2][128][64])
38408,2048,([4][16][4][2])([8][32][8][4])([128][256][128][16])([512][2048][1024][256])
33552,2048,([2][8][4][2])([8][32][16][8])([64][2048][64][16])([256][2][1024][256])
71800,4096,([4][8][2][4])([2][16][32][16])([16][64][128][64])([4096][2048][512][256])
123844,8192,([4][8][4][2])([16][32][16][8])([32][2048][128][32])([8192][2][512][256])
115684,8192,([2][4][2][4])([64][32][16][8])([256][512][128][64])([1024][8192][256][128])
74888,4096,([8][4][2][4])([4][8][32][2])([32][64][128][8])([4096][2048][1024][16])
16032,1024,([2][4][8][2])([4][16][32][64])([8][256][128][2])([1024][512][8][4])
173424,8192,([2][4][8][2])([16][32][16][4])([32][64][128][256])([8192][4096][2048][1024])
31472,2048,([4][2][4][2])([2][16][8][4])([64][128][32][8])([1024][2048][128][64])
34848,2048,([4][2][8][4])([8][128][16][2])([32][1024][512][128])([2048][2][4][8])
78620,4096,([4][2][8][2])([8][32][64][128])([16][2048][1024][512])([4096][2][4][2])
132772,8192,([2][4][8][2])([4][16][256][16])([8][32][512][32])([8192][2048][1024][128])
60648,4096,([2][4][2][4])([4][8][16][8])([256][128][64][16])([1024][4096][512][64])
31016,2048,([2][4][2][8])([16][64][32][2])([256][2048][64][8])([512][2][512][64])
163348,8192,([2][4][8][2])([16][32][128][4])([64][2048][4][8])([8192][4096][8][128])
78636,4096,([4][2][8][2])([2][8][16][4])([4][64][128][16])([4096][2048][1024][512])
26528,2048,([2][4][2][4])([4][8][16][8])([8][16][32][16])([2048][512][256][64])
38604,2048,([2][4][2][4])([4][8][16][8])([512][128][64][16])([1024][2048][512][64])
75172,4096,([4][2][8][2])([16][64][16][8])([32][1024][64][16])([4096][2048][2][128])
67600,4096,([2][8][4][2])([4][16][8][4])([16][32][64][32])([4096][2048][256][128])
65456,4096,([4][2][4][2])([16][64][16][8])([32][2048][64][16])([4096][2][8][32])
156356,8192,([2][4][8][4])([8][32][16][8])([16][64][256][16])([8192][4096][1024][512])
76444,4096,([2][8][2][4])([16][32][16][8])([32][1024][128][32])([4096][2048][2][256])
80016,4096,([2][4][8][2])([4][16][32][16])([16][64][256][64])([4096][2048][1024][512])
78508,4096,([2][8][4][2])([4][2][64][4])([2][8][1024][128])([4096][2048][4][512])
55748,4096,([2][8][4][2])([64][16][8][4])([4][1024][32][16])([4096][2][256][32])
144152,8192,([4][2][4][2])([16][64][16][4])([256][512][64][8])([2048][8192][2048][128])
176352,8192,([4][8][4][2])([8][16][64][32])([16][128][512][128])([8192][4096][2048][1024])
80672,4096,([2][4][8][2])([8][16][32][64])([16][32][256][128])([4096][2048][1024][512])
76848,4096,([2][4][2][8])([4][8][16][32])([8][64][128][64])([4096][2048][1024][256])
59996,4096,([2][4][2][4])([8][32][16][2])([32][64][512][64])([4096][1024][2][256])
20512,1024,([8][4][2][4])([64][32][8][2])([128][256][64][8])([512][1024][512][32])
80444,4096,([2][4][2][4])([8][16][256][8])([16][64][512][16])([4096][2048][1024][128])
61076,4096,([2][4][16][2])([4][8][64][32])([32][64][128][64])([4096][1024][512][256])
131212,8192,([2][4][8][4])([8][16][32][16])([16][32][128][32])([8192][2048][1024][512])
34612,2048,([4][8][4][2])([16][32][16][8])([32][512][64][16])([2048][1024][2][128])
81564,4096,([4][8][4][2])([8][16][32][64])([64][128][256][128])([4096][2048][1024][512])
51904,4096,([4][8][4][2])([8][64][16][8])([128][256][64][16])([4096][512][2][64])
80608,4096,([2][4][8][2])([16][32][16][4])([32][64][128][256])([4096][2048][1024][512])
33680,2048,([4][2][4][2])([2][16][32][16])([32][1024][8][2])([2048][2][512][32])
7912,512,([4][2][4][8])([16][32][16][2])([128][512][64][8])([256][2][128][32])
78964,4096,([2][4][2][4])([8][32][16][2])([64][2048][64][128])([4096][2][1024][512])
115296,8192,([2][4][8][2])([4][8][32][16])([512][256][128][64])([1024][8192][256][128])
38652,2048,([4][2][4][2])([2][8][16][64])([32][128][256][128])([2048][1024][512][256])
41004,2048,([2][4][8][2])([8][16][32][16])([512][256][128][64])([1024][2048][512][128])
173240,8192,([4][2][8][2])([2][8][16][4])([16][64][128][256])([8192][4096][2048][1024])
175328,8192,([2][4][2][4])([4][16][32][16])([16][4096][128][512])([8192][2][2048][1024])
37844,2048,([2][4][8][4])([8][16][32][16])([16][32][256][128])([2048][1024][512][256])
15364,1024,([2][4][2][4])([4][8][4][2])([8][16][32][16])([1024][512][256][64])
133788,8192,([2][4][8][2])([64][32][16][4])([128][256][128][8])([1024][8192][2048][512])
80648,4096,([2][4][8][4])([4][32][16][256])([32][64][128][512])([4096][2048][1024][2])
55780,4096,([2][4][8][2])([4][8][32][16])([256][128][64][32])([512][4096][512][64])
24460,2048,([2][8][4][2])([4][32][2][8])([16][512][4][2])([2048][2][32][4])
36320,2048,([2][4][8][2])([4][16][32][16])([8][32][128][64])([2048][1024][512][256])
51044,4096,([4][8][4][2])([16][32][16][8])([64][512][32][16])([4096][2][256][64])
69668,4096,([4][2][4][2])([8][4][16][8])([16][32][64][16])([4096][2048][512][128])
32072,2048,([2][8][2][4])([16][4][64][2])([2][16][128][4])([2048][1024][256][16])
72424,4096,([2][16][2][4])([16][8][4][2])([64][256][32][8])([512][4096][2048][256])
26052,1024,([2][4][8][2])([8][16][64][16])([16][256][128][64])([1024][512][1024][128])
32080,2048,([2][8][2][4])([32][64][4][2])([2][1024][256][128])([2048][2][4][8])
36752,2048,([2][4][8][2])([8][16][64][32])([16][64][128][64])([2048][1024][512][256])
157164,8192,([2][4][8][2])([32][256][32][16])([2][64][128][512])([8192][4096][1024][2])
59408,4096,([2][4][8][2])([16][8][32][16])([4][32][128][64])([4096][1024][512][128])
67692,4096,([4][2][8][2])([32][64][16][4])([2][2048][64][128])([4096][2][256][4])
76992,4096,([2][4][8][2])([4][8][64][32])([8][64][128][64])([4096][2048][1024][256])
115248,8192,([4][16][4][2])([2][8][32][16])([512][256][128][64])([1024][8192][256][128])
60392,4096,([4][2][4][2])([2][8][16][32])([4][16][128][64])([4096][1024][512][256])
161776,8192,([4][2][4][2])([2][8][16][8])([4][16][32][16])([8192][4096][2048][64])
36592,2048,([2][4][8][4])([4][8][32][16])([32][64][128][64])([2048][1024][512][256])
133100,8192,([4][2][8][4])([8][16][32][64])([16][32][256][128])([8192][2048][1024][512])
51516,4096,([2][4][8][2])([4][8][32][16])([8][32][64][32])([4096][512][256][128])
52432,4096,([2][4][8][2])([4][8][32][16])([256][128][64][32])([512][4096][128][64])
69552,4096,([2][8][2][4])([4][32][8][32])([8][2048][512][128])([4096][2][8][2])
32396,2048,([4][2][4][8])([16][32][16][4])([128][256][32][16])([2048][1024][2][64])
51396,4096,([2][8][4][2])([4][64][16][8])([64][512][64][32])([4096][2][256][64])
112932,8192,([4][2][8][2])([8][4][2][4])([16][32][64][128])([8192][1024][512][256])
35492,2048,([2][8][2][4])([8][16][4][2])([32][512][16][64])([1024][2048][256][2])
16164,1024,([2][4][8][2])([8][32][16][4])([16][64][512][8])([1024][128][256][16])
27864,2048,([2][4][8][2])([16][64][16][8])([64][256][64][32])([2048][512][8][128])
28336,2048,([2][4][2][4])([64][32][16][8])([128][256][64][16])([512][2048][128][32])
54608,4096,([2][8][4][2])([8][16][64][8])([128][4096][128][32])([512][2][512][64])
71632,4096,([2][4][8][2])([16][64][32][16])([32][512][256][128])([4096][2048][2][4])
34936,2048,([4][8][4][2])([64][32][16][8])([128][1024][64][16])([2048][2][512][64])
32352,2048,([2][4][2][4])([4][32][16][8])([16][1024][32][64])([2048][2][256][128])
80988,4096,([2][4][8][4])([4][64][4][2])([8][128][256][128])([4096][2048][1024][512])
79392,4096,([2][4][2][4])([8][32][16][8])([128][1024][128][64])([4096][2048][4][512])
157820,8192,([2][4][8][2])([4][8][32][16])([512][256][128][32])([1024][8192][4096][128])
146780,8192,([2][4][8][2])([4][8][32][16])([16][32][64][32])([8192][4096][512][128])
31976,2048,([2][4][8][2])([8][2][32][4])([4][32][128][8])([2048][1024][256][16])
125196,8192,([2][4][2][4])([4][8][16][2])([512][256][64][32])([1024][8192][1024][512])
16608,1024,([2][4][8][2])([16][32][16][8])([64][256][64][16])([512][1024][128][32])
78844,4096,([2][8][4][2])([16][32][16][4])([64][2048][1024][16])([4096][8][512][128])
68904,4096,([2][8][4][2])([4][16][32][4])([8][2048][512][64])([4096][8][4][2])
48132,2048,([2][4][8][2])([4][8][64][16])([32][256][128][32])([2048][512][2048][128])
36684,2048,([2][8][2][4])([16][32][8][2])([128][256][128][16])([512][2048][1024][32])
78988,4096,([4][8][4][2])([16][64][16][8])([32][2048][128][32])([4096][2][1024][512])
15108,1024,([2][8][4][2])([8][4][16][4])([2][16][32][8])([1024][512][256][16])
81228,4096,([2][4][8][4])([8][32][64][8])([32][128][256][128])([4096][2048][1024][512])
27260,2048,([2][4][2][4])([8][16][4][2])([2][32][64][32])([2048][512][256][128])
59748,4096,([2][4][8][2])([16][32][16][4])([32][1024][64][256])([4096][2][512][4])
75528,4096,([2][8][2][4])([8][2][8][2])([2][4][16][32])([4096][2048][1024][256])
133008,8192,([2][4][8][2])([4][16][32][64])([8][32][256][128])([8192][2048][1024][512])
128848,8192,([4][2][4][8])([2][8][16][2])([8][32][64][128])([8192][2048][1024][256])
104008,8192,([2][4][2][4])([4][8][32][16])([8][16][64][32])([8192][512][256][128])
129504,8192,([2][4][8][2])([4][8][32][16])([256][128][64][32])([1024][8192][2048][64])
15792,1024,([4][8][4][2])([16][32][16][8])([64][512][64][16])([1024][2][256][32])
36060,2048,([2][4][8][2])([16][64][128][16])([2][8][512][256])([2048][2][1024][8])
71152,4096,([4][8][4][2])([64][32][16][8])([16][2048][64][32])([4096][2][512][256])
154064,8192,([2][8][4][2])([4][16][64][16])([32][128][1024][128])([8192][4096][2][256])
68056,4096,([2][4][2][4])([8][16][8][2])([64][256][64][32])([4096][2048][128][64])
7176,512,([4][8][4][2])([16][32][16][8])([32][512][32][16])([256][2][128][32])
155464,8192,([4][2][4][2])([8][32][16][8])([32][4096][128][32])([8192][2][1024][512])
80244,4096,([4][2][8][2])([2][8][32][16])([16][128][256][32])([4096][2048][1024][512])
20896,1024,([2][4][2][4])([64][32][16][2])([128][1024][128][32])([512][2][512][256])
76608,4096,([2][4][8][4])([128][64][16][8])([256][512][64][32])([2048][4096][512][128])
78944,4096,([2][4][2][4])([4][8][32][8])([1024][256][128][64])([2048][4096][256][128])
65496,4096,([4][2][4][2])([2][8][16][8])([256][128][64][32])([1024][4096][1024][64])
36372,2048,([2][4][2][4])([4][2][16][8])([512][128][64][16])([1024][2048][256][64])
59808,4096,([4][8][2][4])([2][64][16][8])([16][1024][64][256])([4096][2][512][2])
81076,4096,([2][4][8][2])([4][16][32][16])([64][128][256][128])([4096][2048][1024][512])
68700,4096,([4][2][8][2])([2][4][32][4])([8][2048][16][32])([4096][2][512][2])
51980,4096,([4][2][4][2])([2][8][16][4])([256][128][32][16])([512][4096][128][32])
80364,4096,([4][2][8][2])([2][8][16][4])([16][64][128][256])([4096][2048][1024][512])
69716,4096,([2][8][4][2])([32][16][8][4])([2][2048][32][64])([4096][2][512][128])
123172,8192,([2][4][2][4])([4][8][16][32])([16][512][64][2])([8192][2048][2][256])
36072,2048,([2][4][8][4])([4][8][32][16])([64][256][64][32])([2048][1024][512][64])
51456,4096,([4][8][4][2])([2][32][16][8])([8][64][256][16])([4096][512][2][128])
40956,2048,([2][4][8][2])([16][256][32][16])([512][2048][128][64])([1024][4][512][128])
36100,2048,([4][2][4][2])([8][64][16][4])([128][2048][32][512])([256][2][1024][4])
79668,4096,([2][4][2][4])([4][8][4][2])([16][32][64][256])([4096][2048][1024][512])
80816,4096,([2][4][2][8])([8][32][64][16])([32][64][256][128])([4096][2048][1024][512])
104312,8192,([4][2][8][4])([8][32][64][8])([64][128][512][32])([8192][4][256][16])
131320,8192,([2][4][2][8])([8][16][32][16])([16][32][512][64])([8192][2048][1024][128])
131016,8192,([8][4][2][4])([4][2][8][64])([8][16][1024][128])([8192][2048][4][512])
28236,2048,([4][2][4][2])([64][16][2][4])([128][256][64][8])([512][2048][128][32])
34520,2048,([8][2][4][2])([4][32][8][4])([8][64][1024][8])([2048][128][512][16])
60496,4096,([4][2][4][8])([2][16][32][16])([8][32][128][64])([4096][1024][512][256])
109840,8192,([8][16][2][4])([4][2][16][2])([256][128][64][8])([1024][8192][128][64])
51344,4096,([2][4][2][4])([4][8][16][8])([8][32][64][32])([4096][512][256][128])
52544,4096,([2][4][8][2])([4][16][32][16])([256][128][64][32])([512][4096][128][64])
81096,4096,([4][2][4][2])([8][16][32][64])([16][128][256][128])([4096][2048][1024][512])
35040,2048,([2][4][8][2])([16][32][16][4])([32][1024][128][16])([2048][2][512][128])
51148,4096,([2][4][2][4])([4][8][16][8])([8][32][128][16])([4096][512][256][32])
60836,4096,([4][2][4][2])([64][32][16][8])([128][256][32][16])([1024][4096][512][64])
79012,4096,([2][4][8][2])([16][32][16][4])([64][2048][64][128])([4096][2][1024][512])
78000,4096,([2][4][2][4])([4][8][4][2])([16][32][64][16])([4096][2048][1024][512])
80512,4096,([2][4][8][2])([8][64][16][4])([32][2048][128][256])([4096][2][1024][512])
110860,8192,([2][4][8][2])([16][64][32][4])([4][16][512][32])([8192][1024][2][64])
117616,8192,([2][4][8][2])([4][8][32][16])([512][256][128][64])([1024][8192][512][128])
16500,1024,([4][8][4][2])([16][32][16][8])([64][256][64][16])([512][1024][128][32])
108292,8192,([2][4][8][2])([4][8][32][16])([256][128][64][32])([512][8192][512][64])
122808,8192,([4][8][4][2])([16][32][16][8])([32][2048][128][32])([8192][2][512][128])
154684,8192,([8][4][2][4])([32][16][4][8])([8][4096][64][16])([8192][2][1024][512])
9064,512,([8][2][4][2])([64][32][16][8])([128][512][32][16])([256][4][256][32])
76544,4096,([2][4][8][2])([4][8][32][16])([8][16][128][64])([4096][2048][1024][256])
32416,2048,([2][4][2][8])([4][8][32][16])([8][16][64][32])([2048][1024][256][128])
59760,4096,([2][8][2][4])([16][32][8][2])([32][512][64][8])([4096][1024][4][256])
80800,4096,([2][4][2][4])([4][8][64][16])([32][64][256][128])([4096][2048][1024][512])
80376,4096,([4][2][4][2])([2][8][16][8])([1024][256][64][16])([2048][4096][512][128])
34508,2048,([4][16][8][2])([2][8][32][64])([8][16][512][128])([2048][1024][2][4])
69572,4096,([2][4][2][4])([8][32][16][8])([512][256][128][32])([1024][4096][1024][64])
21632,1024,([4][2][4][2])([2][32][8][4])([128][256][32][16])([512][1024][512][256])
34456,2048,([4][2][4][2])([8][4][32][64])([2048][16][512][128])([4][1024][2][4])
36432,2048,([2][4][2][4])([4][8][32][8])([8][64][128][64])([2048][1024][512][256])
80488,4096,([8][2][4][2])([2][32][64][8])([16][256][512][32])([4096][2048][1024][128])
34080,2048,([2][4][2][4])([4][2][8][2])([8][16][32][4])([2048][1024][512][128])
29856,2048,([4][2][4][2])([64][32][16][8])([512][128][32][16])([2048][2][512][64])
58488,4096,([4][2][4][2])([2][4][2][4])([8][16][32][64])([4096][1024][512][128])
45756,2048,([2][4][8][2])([4][8][32][16])([512][256][128][32])([1024][2048][1024][128])
112636,8192,([4][2][4][2])([16][32][8][4])([32][1024][128][8])([8192][2][512][256])
79156,4096,([2][4][2][4])([16][64][32][2])([32][2048][64][128])([4096][2][1024][512])
36452,2048,([2][4][2][4])([4][8][32][8])([8][64][128][64])([2048][1024][512][256])
45460,2048,([2][4][2][4])([128][32][4][8])([256][512][64][16])([1024][2048][1024][64])
123432,8192,([4][8][4][2])([16][32][16][8])([2][64][512][32])([8192][2048][2][256])
65436,4096,([4][2][4][2])([2][4][16][4])([8][16][128][8])([4096][2048][2][32])
36520,2048,([4][2][4][2])([16][64][16][4])([64][128][1024][32])([2048][4][512][256])
63200,4096,([2][4][8][2])([4][16][64][32])([512][256][128][64])([1024][4096][256][128])
36332,2048,([2][4][8][2])([4][16][32][16])([16][32][128][64])([2048][1024][512][256])
80168,4096,([2][4][2][4])([4][8][16][2])([8][32][128][256])([4096][2048][1024][512])
57484,4096,([2][8][4][2])([16][256][16][8])([32][4096][32][16])([1024][4][256][64])
36332,2048,([2][4][8][2])([4][16][32][16])([8][64][128][32])([2048][1024][512][256])
51080,4096,([4][8][4][2])([16][32][16][8])([64][4096][64][16])([256][2][512][32])
70348,4096,([2][4][8][2])([8][16][64][16])([512][256][128][64])([1024][4096][1024][128])
75744,4096,([4][8][2][4])([2][4][64][8])([16][32][1024][32])([4096][2048][2][256])
132996,8192,([2][4][8][4])([8][16][256][8])([16][128][512][16])([8192][2048][1024][64])
56460,4096,([4][2][4][2])([16][32][64][16])([2][1024][16][128])([4096][2][256][2])
27584,2048,([2][4][2][4])([16][64][16][8])([8][32][128][32])([2048][512][256][64])
15300,1024,([2][4][8][4])([4][8][4][2])([8][16][32][8])([1024][512][256][64])
25828,2048,([2][4][2][4])([16][32][16][2])([32][64][32][4])([128][2048][512][32])
25968,1024,([2][4][8][2])([4][16][32][16])([32][256][128][64])([1024][512][1024][128])
50276,4096,([2][4][2][4])([4][2][4][2])([2][4][32][8])([4096][512][256][16])
131916,8192,([2][4][16][2])([4][8][32][8])([32][1024][256][2])([8192][2048][2][512])
31276,2048,([2][4][16][2])([4][8][2][4])([2][4][32][16])([2048][1024][256][32])
80444,4096,([2][4][8][2])([16][128][16][4])([256][4096][64][16])([1024][2][2048][512])
31260,2048,([4][2][4][2])([2][8][16][4])([256][128][64][16])([512][2048][512][64])
132952,8192,([2][4][8][4])([4][8][32][16])([8][128][256][64])([8192][2048][1024][512])
36428,2048,([4][2][4][2])([2][8][16][8])([256][128][64][16])([512][2048][1024][64])
36028,2048,([2][4][2][4])([4][8][32][16])([8][16][128][32])([2048][1024][512][256])
51588,4096,([2][4][2][4])([16][64][16][8])([256][4096][64][16])([512][2][128][2])
79908,4096,([2][4][8][2])([16][32][16][4])([32][512][256][8])([1024][4096][2048][64])
17204,1024,([2][4][8][2])([4][8][32][16])([256][128][64][32])([512][1024][128][64])
72780,4096,([8][4][2][4])([2][8][32][16])([64][512][256][8])([1024][4096][1024][512])
153352,8192,([2][4][8][4])([8][16][32][16])([16][32][128][64])([8192][4096][1024][256])
38196,2048,([4][2][4][2])([2][8][16][8])([512][256][128][2])([1024][2048][256][128])
80748,4096,([2][4][8][2])([4][8][64][16])([32][128][512][64])([4096][2048][1024][256])
36228,2048,([2][16][4][2])([4][8][64][8])([16][32][512][128])([2048][1024][2][256])
132528,8192,([4][2][4][2])([2][4][64][4])([4][32][256][64])([8192][2048][1024][512])
68168,4096,([4][2][4][2])([2][64][8][4])([128][256][32][16])([4096][2048][2][128])
80132,4096,([2][8][4][2])([8][64][32][16])([16][2048][64][256])([4096][2][1024][512])
13976,1024,([2][4][2][4])([16][32][16][2])([32][128][64][8])([256][1024][256][16])
81156,4096,([4][2][8][4])([8][16][32][8])([512][256][128][64])([1024][4096][2048][128])
131692,8192,([2][4][8][2])([8][16][64][32])([16][64][128][64])([8192][2048][1024][512])
72320,4096,([2][4][8][4])([8][16][32][16])([64][256][128][32])([4096][2048][512][128])
56028,4096,([4][2][4][2])([16][32][16][4])([32][256][64][16])([4096][1024][2][64])
53536,4096,([2][8][4][2])([32][16][8][4])([128][4096][32][8])([512][2][512][32])
80624,4096,([2][4][8][2])([4][16][32][64])([8][64][256][128])([4096][2048][1024][512])
16232,1024,([2][4][8][2])([16][64][16][4])([128][256][32][16])([512][1024][2][32])
79136,4096,([4][8][4][2])([64][32][16][8])([2][2048][64][128])([4096][2][1024][512])
27800,2048,([2][8][4][2])([128][32][8][4])([2][512][256][64])([2048][8][128][2])
27348,2048,([4][8][4][2])([16][64][16][8])([256][2048][32][16])([512][2][128][32])
16072,1024,([4][2][4][2])([2][8][32][64])([16][256][128][2])([1024][512][8][4])
23160,2048,([2][4][2][8])([16][32][16][2])([32][128][32][16])([2048][256][2][32])
59640,4096,([2][4][2][4])([8][16][8][2])([32][64][16][4])([256][4096][1024][512])
80260,4096,([2][4][2][4])([4][8][16][2])([8][64][128][256])([4096][2048][1024][512])
60352,4096,([2][8][4][2])([128][32][16][8])([256][1024][32][16])([512][4096][2][32])
61720,4096,([4][2][4][2])([8][16][32][4])([512][256][64][8])([1024][4096][256][64])
14716,1024,([4][2][4][2])([2][32][16][8])([16][512][64][32])([1024][2][128][64])
124464,8192,([2][8][4][2])([8][32][16][8])([256][128][64][32])([512][8192][2048][64])
16312,1024,([4][2][8][2])([64][16][4][8])([128][256][16][2])([512][1024][64][16])
81172,4096,([2][4][8][2])([4][16][32][64])([16][128][256][128])([4096][2048][1024][512])
129012,8192,([8][2][4][2])([16][32][16][8])([64][1024][128][16])([8192][2048][2][256])
42184,2048,([2][4][2][4])([32][16][4][2])([64][256][32][8])([1024][2048][1024][256])
32004,2048,([4][2][4][8])([16][32][2][32])([64][256][128][16])([512][2048][512][128])
75776,4096,([2][4][8][2])([16][64][16][4])([128][1024][64][16])([4096][2048][4][128])
131384,8192,([2][4][8][2])([4][8][32][16])([8][32][128][64])([8192][2048][1024][512])
69788,4096,([4][2][4][2])([2][64][16][8])([8][2048][64][128])([4096][2][512][2])
118088,8192,([4][8][4][2])([8][32][16][8])([64][2048][32][16])([8192][2][64][32])
80784,4096,([2][4][8][2])([8][16][32][16])([64][128][256][64])([4096][2048][1024][512])
32248,2048,([2][8][2][4])([4][16][8][32])([8][1024][64][128])([2048][2][256][2])
69588,4096,([2][4][8][2])([4][8][32][16])([8][32][64][32])([4096][2048][512][64])
27436,2048,([2][4][8][2])([8][16][32][16])([16][32][64][32])([2048][512][256][128])
14684,1024,([2][4][2][4])([8][2][8][2])([128][64][32][4])([512][1024][64][32])
36220,2048,([4][2][4][8])([2][8][16][4])([8][32][64][128])([2048][1024][512][256])
30848,2048,([2][8][4][2])([16][32][16][4])([64][1024][32][16])([2048][4][128][64])
67416,4096,([2][4][2][4])([4][8][16][8])([8][16][64][16])([4096][2048][256][128])
71752,4096,([2][4][8][2])([8][16][128][16])([16][64][256][32])([4096][2048][512][64])
48120,4096,([8][4][2][4])([2][8][4][8])([128][64][32][2])([256][4096][128][32])
71500,4096,([2][4][2][4])([4][8][32][8])([8][64][128][32])([4096][2048][512][256])
23360,2048,([4][8][4][2])([8][32][16][4])([16][256][64][16])([2048][2][128][32])
37076,2048,([2][4][8][2])([4][8][16][4])([512][256][64][8])([1024][2048][256][16])
111136,8192,([4][8][4][2])([16][32][16][8])([32][2][512][32])([8192][1024][4][128])
28296,2048,([4][2][4][2])([2][8][32][16])([256][128][64][32])([512][2048][128][64])
20512,1024,([2][8][4][2])([8][16][32][8])([256][128][64][32])([512][1024][512][64])
57012,4096,([2][8][4][2])([4][32][16][8])([8][1024][256][16])([4096][2][4][256])
26776,2048,([2][4][8][4])([64][32][16][2])([4][2048][64][32])([256][2][512][4])
35444,2048,([4][8][4][2])([16][32][16][8])([2][16][512][64])([2048][1024][2][256])
63240,4096,([2][4][2][4])([4][8][16][8])([512][128][64][16])([1024][4096][512][128])
53552,4096,([2][4][8][4])([4][8][32][16])([256][128][64][32])([512][4096][256][64])
34292,2048,([2][8][4][2])([8][16][32][8])([32][1024][8][128])([2048][2][512][2])
172604,8192,([4][2][4][8])([2][8][64][16])([16][128][1024][64])([8192][4096][2048][128])
132588,8192,([2][4][8][2])([8][64][256][4])([64][1024][512][2])([8192][2048][64][8])
53044,4096,([2][4][2][4])([4][16][8][2])([32][256][128][4])([512][4096][256][64])
158132,8192,([2][4][2][4])([8][16][64][2])([64][128][256][128])([8192][4096][1024][512])
123512,8192,([4][2][4][2])([8][32][16][8])([64][2048][64][16])([8192][2][512][256])
34308,2048,([2][4][8][4])([4][8][32][16])([256][128][64][32])([1024][2048][256][64])
71816,4096,([2][4][8][2])([4][8][32][16])([64][256][128][32])([4096][2048][512][64])
78100,4096,([4][2][4][2])([2][8][16][4])([4][32][2048][32])([4096][64][1024][512])
35468,2048,([4][8][4][2])([2][32][16][8])([8][1024][32][64])([2048][2][512][256])
47048,4096,([4][8][4][2])([16][32][16][8])([32][256][32][16])([4096][2][64][32])
58988,4096,([2][4][8][4])([16][32][16][8])([64][1024][128][16])([4096][2][512][64])
27100,2048,([4][8][4][2])([8][16][32][8])([32][128][512][16])([2048][2][256][32])
12308,1024,([4][2][4][2])([16][32][16][8])([64][256][32][16])([1024][2][128][32])
57788,4096,([2][4][2][4])([4][8][4][2])([2][16][32][4])([4096][1024][512][64])
148196,8192,([2][4][2][4])([8][64][16][2])([16][32][512][128])([8192][4096][2][256])
78604,4096,([2][8][2][4])([4][128][16][8])([16][32][64][512])([4096][2048][1024][2])
47132,4096,([4][2][4][2])([2][4][8][4])([4][32][16][8])([4096][256][128][32])
37756,2048,([4][2][4][8])([64][32][8][2])([512][2048][32][8])([1024][2][512][2])
78648,4096,([2][4][2][4])([4][8][4][2])([32][64][128][16])([4096][2048][1024][512])
113024,8192,([4][2][8][2])([2][8][16][4])([8][32][64][128])([8192][1024][512][256])
60692,4096,([4][2][4][8])([2][8][16][32])([8][64][128][64])([4096][1024][512][256])
157148,8192,([4][2][4][2])([128][32][16][8])([2][4096][64][256])([8192][2][1024][512])
132928,8192,([2][4][8][2])([4][32][64][4])([8][16][256][128])([8192][2048][1024][512])
17036,1024,([2][4][8][2])([4][8][32][4])([256][128][64][8])([512][1024][128][64])
79692,4096,([4][8][4][2])([16][32][8][4])([2][2048][64][256])([4096][2][1024][512])
49740,4096,([4][2][4][2])([8][16][8][4])([16][128][16][8])([512][4096][64][32])
106092,8192,([2][8][2][4])([16][128][16][8])([256][512][128][32])([8192][2][256][4])
78764,4096,([2][4][2][4])([4][8][16][8])([8][64][128][32])([4096][2048][1024][512])
153160,8192,([4][2][8][4])([16][32][16][8])([32][4096][128][32])([8192][4][1024][256])
59760,4096,([2][4][2][4])([8][32][64][16])([16][4][512][32])([4096][1024][2][256])
23236,2048,([4][2][8][2])([32][16][2][4])([4][8][128][32])([2048][256][2][64])
81040,4096,([2][4][8][2])([4][16][32][16])([512][256][128][32])([1024][4096][2048][128])
30868,2048,([2][4][8][2])([16][32][16][4])([32][64][128][16])([2048][1024][2][64])
132300,8192,([4][2][4][8])([2][8][32][16])([16][64][256][32])([8192][2048][1024][512])
17064,1024,([2][4][8][2])([16][64][16][4])([128][256][64][8])([512][1024][128][16])
107896,8192,([2][4][2][4])([4][8][16][8])([256][128][64][16])([512][8192][512][32])
18896,1024,([2][4][2][4])([16][2][4][2])([128][64][16][4])([512][1024][512][128])
128536,8192,([2][4][8][2])([4][8][32][16])([8][32][64][32])([8192][2048][1024][256])
104156,8192,([8][2][4][2])([64][32][8][4])([128][256][32][16])([512][8192][8][32])
79760,4096,([4][8][4][2])([16][64][16][8])([32][256][1024][512])([4096][2048][4][2])
156336,8192,([2][8][2][4])([16][32][128][8])([128][1024][64][32])([8192][4096][4][512])
36372,2048,([2][4][8][2])([4][8][32][16])([16][32][128][64])([2048][1024][512][256])
23728,1024,([2][4][8][4])([8][32][16][2])([16][128][64][8])([1024][512][1024][64])
38664,2048,([4][2][4][8])([16][128][32][16])([32][256][512][32])([1024][2048][256][128])
52560,4096,([2][4][2][4])([64][32][16][8])([128][256][128][16])([512][4096][64][32])
24892,2048,([4][2][4][2])([8][32][8][4])([32][128][32][16])([256][2048][256][32])
124000,8192,([4][2][4][2])([2][8][16][4])([8][32][64][128])([8192][2048][512][256])
34496,2048,([4][2][4][2])([8][16][32][4])([2048][1024][512][64])([8][128][4][2])
30560,2048,([2][8][4][2])([32][16][8][4])([64][1024][32][8])([128][2048][2][16])
101968,8192,([4][2][4][2])([2][4][8][4])([16][32][16][8])([512][8192][128][32])
81284,4096,([2][4][8][2])([16][64][32][16])([256][512][128][32])([1024][4096][2048][128])
147392,8192,([2][4][8][2])([4][16][64][16])([16][4096][512][256])([8192][2][8][2])
60084,4096,([4][8][2][4])([8][32][16][8])([64][512][64][16])([4096][1024][2][256])
22760,2048,([2][4][2][4])([16][64][16][2])([32][256][8][4])([2048][4][64][8])
53872,4096,([2][8][2][4])([4][2][16][2])([2][4][64][8])([4096][1024][2][32])
71684,4096,([2][4][8][2])([4][8][32][16])([16][64][128][64])([4096][2048][512][256])
156532,8192,([2][4][2][4])([4][8][32][8])([16][64][256][32])([8192][4096][1024][512])
112380,8192,([4][2][8][2])([2][8][64][4])([8][64][256][8])([8192][1024][512][16])
31564,2048,([2][4][8][2])([8][64][16][4])([16][1024][32][16])([2048][2][256][32])
36596,2048,([2][4][8][4])([4][16][32][16])([512][256][64][32])([1024][2048][128][64])
69864,4096,([2][4][2][4])([4][8][16][8])([8][32][64][32])([4096][2048][512][128])
16120,1024,([4][2][4][2])([8][16][8][4])([64][256][32][8])([512][1024][128][32])
63112,4096,([2][4][8][2])([32][128][32][16])([256][512][128][32])([1024][4096][256][64])
132768,8192,([2][4][8][2])([4][8][32][16])([16][128][256][32])([8192][2048][1024][512])
127388,8192,([4][8][16][2])([8][64][32][4])([16][32][1024][128])([8192][2048][2][4])
129176,8192,([4][2][4][2])([2][8][16][8])([16][32][128][64])([8192][2048][1024][256])
16808,1024,([4][8][16][2])([256][128][64][4])([512][1024][128][8])([8][32][4][2])
16028,1024,([4][2][4][2])([2][4][16][4])([32][256][32][16])([512][1024][128][32])
165116,8192,([2][4][8][2])([4][8][32][16])([256][128][64][32])([2048][8192][4096][128])
40640,2048,([2][4][2][8])([8][16][32][16])([512][256][128][32])([1024][2048][512][128])
27608,2048,([8][2][4][2])([2][4][8][4])([256][128][32][8])([512][2048][128][32])
122260,8192,([2][8][4][2])([8][16][64][8])([16][2048][16][128])([8192][2][512][2])
80868,4096,([2][4][8][2])([8][16][32][64])([32][64][256][128])([4096][2048][1024][512])
120108,8192,([2][4][8][2])([4][16][64][16])([16][32][256][32])([8192][2048][2][128])
60428,4096,([2][8][4][2])([64][16][8][4])([256][512][32][8])([1024][4096][2][128])
55676,4096,([4][2][4][2])([64][8][16][8])([128][1024][64][16])([4096][2][128][32])
77536,4096,([4][8][4][2])([16][32][16][8])([32][2048][256][32])([4096][2][1024][256])
67276,4096,([4][2][4][2])([64][16][8][4])([128][256][64][8])([1024][4096][1024][256])
48236,2048,([4][2][4][2])([8][64][32][4])([16][128][256][128])([2048][512][2048][64])
27460,2048,([4][8][4][2])([16][32][16][8])([128][256][64][16])([2048][512][2][64])
79152,4096,([2][4][8][2])([4][16][32][16])([32][64][128][64])([4096][2048][1024][512])
70804,4096,([2][4][8][2])([4][16][32][16])([8][32][64][32])([4096][2048][512][256])
157196,8192,([4][2][4][8])([8][16][8][4])([32][64][128][256])([8192][4096][1024][512])
58788,4096,([2][4][8][2])([4][16][32][16])([8][32][64][32])([4096][1024][512][128])
80508,4096,([2][4][8][2])([4][8][32][16])([64][128][256][32])([4096][2048][1024][512])
51900,4096,([2][4][2][4])([64][32][16][8])([128][256][32][16])([512][4096][64][32])
36184,2048,([2][4][8][2])([4][8][32][16])([16][32][128][32])([2048][1024][512][256])
33368,2048,([2][4][8][2])([4][8][32][16])([256][128][64][32])([1024][2048][128][64])
28240,2048,([2][4][8][2])([4][8][32][16])([256][128][64][32])([512][2048][128][64])
36572,2048,([4][8][4][2])([16][32][16][8])([2048][128][512][128])([4][1024][2][256])
60700,4096,([2][4][8][2])([4][8][32][16])([16][64][128][64])([4096][1024][512][256])
39968,2048,([2][8][4][2])([64][16][8][4])([128][64][1024][64])([1024][2][2048][8])
80576,4096,([2][4][8][2])([4][8][32][16])([32][64][256][128])([4096][2048][1024][512])
124100,8192,([8][4][2][4])([16][32][4][128])([32][2048][64][256])([8192][2][512][4])
29588,2048,([4][2][4][8])([64][32][16][4])([128][512][32][8])([512][2048][4][32])
168220,8192,([2][4][8][2])([4][16][32][16])([16][128][256][64])([8192][4096][2048][512])
50564,4096,([4][2][4][2])([32][8][16][8])([64][128][32][16])([512][4096][128][32])
30728,2048,([2][8][4][2])([16][64][16][4])([256][2048][32][64])([512][2][512][2])
60836,4096,([2][4][8][2])([4][8][32][16])([256][128][64][32])([512][4096][1024][64])
133256,8192,([4][2][4][2])([8][16][32][4])([32][128][256][64])([8192][2048][1024][512])
32704,2048,([16][2][4][2])([32][64][16][8])([128][2048][64][2])([256][2][1024][64])
112760,8192,([2][8][4][2])([8][32][128][8])([32][1024][32][256])([8192][2][512][2])
40244,2048,([2][4][8][2])([16][64][16][8])([256][512][32][128])([1024][2048][512][2])
78572,4096,([4][2][4][2])([2][4][8][4])([8][32][128][64])([4096][2048][1024][512])
80332,4096,([2][4][8][2])([4][8][32][16])([16][32][256][128])([4096][2048][1024][512])
37580,2048,([2][4][8][2])([8][16][32][16])([16][64][256][64])([2048][1024][512][256])
12324,1024,([2][4][8][2])([16][32][16][4])([64][1024][32][16])([128][2][256][32])
71612,4096,([2][4][8][2])([4][16][32][16])([16][256][128][32])([4096][512][2048][64])
27340,2048,([4][8][4][2])([8][64][32][8])([32][512][128][32])([256][2][2048][8])
35548,2048,([4][2][8][2])([16][32][16][4])([32][512][64][16])([2048][1024][2][256])
164652,8192,([2][4][2][4])([4][8][64][16])([8][64][128][64])([8192][4096][2048][256])
46168,2048,([4][2][8][16])([2][8][64][32])([512][256][128][64])([1024][2048][1024][128])
62724,4096,([2][4][8][4])([4][16][32][16])([512][256][128][32])([1024][4096][256][128])
56424,4096,([2][8][4][2])([64][32][16][8])([2][64][256][32])([4096][1024][8][64])
117600,8192,([2][4][8][2])([4][8][16][32])([512][256][128][64])([1024][8192][512][128])
20528,1024,([2][4][2][4])([64][32][16][8])([128][256][64][16])([512][1024][512][32])
45760,2048,([2][4][8][2])([8][16][32][16])([512][256][128][32])([1024][2048][1024][128])
60844,4096,([2][4][8][2])([4][8][32][16])([256][128][64][32])([512][4096][1024][64])
129636,8192,([8][2][4][2])([4][32][64][32])([16][64][128][64])([8192][2048][1024][256])
34524,2048,([8][2][4][2])([16][32][16][8])([32][64][512][16])([2048][1024][4][128])
34468,2048,([4][2][4][2])([2][16][8][4])([128][64][32][16])([512][2048][1024][32])
36544,2048,([2][4][8][2])([8][16][32][16])([32][64][128][64])([2048][1024][512][256])
14108,1024,([2][4][2][4])([16][32][8][2])([128][64][256][64])([256][1024][2][4])
60636,4096,([2][4][8][2])([4][8][32][16])([8][64][128][64])([4096][1024][512][256])
80156,4096,([2][4][8][2])([8][16][32][16])([16][64][256][64])([4096][2048][1024][512])
69896,4096,([2][4][8][2])([8][32][16][8])([32][2048][64][128])([4096][2][512][2])
17264,1024,([2][4][2][4])([4][8][4][2])([256][64][32][8])([512][1024][256][64])
71708,4096,([2][4][2][4])([4][8][16][8])([256][128][64][16])([512][4096][2048][64])
27128,2048,([2][4][2][4])([4][8][4][2])([128][64][32][4])([256][2048][512][16])
56500,4096,([2][4][8][2])([4][8][2][4])([8][32][64][32])([4096][1024][256][128])
74932,4096,([2][4][8][2])([4][16][32][16])([8][32][64][32])([4096][2048][1024][128])
112932,8192,([4][2][4][2])([2][16][32][16])([8][32][128][64])([8192][1024][512][256])
71568,4096,([2][4][8][2])([4][16][32][16])([8][32][128][64])([4096][2048][512][256])
128888,8192,([8][4][2][4])([4][8][128][2])([8][64][256][8])([8192][2048][1024][32])
69512,4096,([4][2][4][2])([2][16][32][16])([4][32][64][32])([4096][2048][512][64])
59420,4096,([2][4][8][4])([4][8][32][16])([8][16][128][64])([4096][1024][512][128])
60144,4096,([2][4][2][4])([4][8][16][8])([8][32][128][16])([4096][1024][512][256])
35768,2048,([2][4][8][2])([64][32][16][4])([128][512][64][16])([1024][2048][128][64])
78816,4096,([4][2][4][2])([8][16][8][4])([16][32][64][128])([4096][2048][1024][512])
171824,8192,([2][4][2][4])([4][16][32][8])([8][64][128][64])([8192][4096][2048][1024])
26124,2048,([4][2][4][2])([2][4][8][4])([8][128][64][32])([512][2048][128][16])
52496,4096,([2][4][8][2])([32][64][32][16])([64][128][64][32])([512][4096][256][64])
58788,4096,([2][8][4][2])([4][64][16][8])([8][16][512][64])([4096][1024][4][128])
129308,8192,([4][2][4][2])([2][8][32][8])([256][128][64][16])([1024][8192][2048][64])
71524,4096,([4][2][8][2])([2][8][32][4])([256][128][64][16])([512][4096][2048][32])
8288,512,([4][8][4][2])([8][64][16][4])([128][256][64][16])([512][4][128][64])
78848,4096,([8][4][2][4])([4][16][32][16])([8][32][128][64])([4096][2048][1024][512])
168564,8192,([2][4][8][2])([4][16][64][16])([16][64][256][128])([8192][4096][2048][512])
36232,2048,([4][2][8][2])([8][64][16][4])([16][128][1024][16])([2048][256][512][32])
50620,4096,([8][4][2][4])([4][16][4][2])([16][256][32][8])([4096][512][4][64])
36444,2048,([4][2][4][2])([2][8][16][8])([256][128][64][32])([1024][2048][512][64])
58784,4096,([4][2][8][2])([2][32][64][32])([32][2][512][128])([4096][1024][2][4])
16304,1024,([4][8][4][2])([16][32][16][4])([32][256][64][16])([1024][512][4][128])
36548,2048,([2][4][8][2])([4][8][16][32])([32][64][128][64])([2048][1024][512][256])
15676,1024,([2][8][2][4])([4][16][8][2])([256][64][32][8])([512][1024][64][16])
31420,2048,([4][2][4][2])([2][16][32][16])([4][8][256][2])([2048][1024][2][64])
31664,2048,([4][2][4][2])([16][32][16][8])([32][1024][64][16])([2048][2][256][32])
128972,8192,([2][4][2][4])([4][128][16][8])([32][2048][64][256])([8192][2][1024][2])
157272,8192,([2][4][8][2])([4][16][32][64])([8][32][256][128])([8192][4096][1024][512])
175624,8192,([4][2][4][2])([16][32][16][8])([32][64][128][512])([8192][4096][2048][1024])
156408,8192,([2][4][2][4])([4][8][4][2])([16][32][64][256])([8192][4096][1024][512])
34504,2048,([4][2][4][2])([64][32][8][4])([128][1024][32][8])([512][2048][2][32])
80392,4096,([2][4][8][2])([4][16][32][16])([8][128][256][64])([4096][2048][1024][512])
80616,4096,([2][4][2][4])([4][16][32][64])([16][32][256][128])([4096][2048][1024][512])
258236,16384,([4][8][2][4])([64][16][4][8])([4][128][256][64])([16384][4096][4][128])
17032,1024,([2][4][2][4])([4][8][16][8])([256][128][64][32])([512][1024][128][64])
109016,8192,([4][8][4][2])([16][32][16][8])([64][128][256][16])([8192][1024][2][32])
60404,4096,([2][8][4][2])([8][32][16][8])([16][1024][64][128])([4096][2][512][256])
168348,8192,([2][4][8][2])([4][16][32][16])([8][128][256][64])([8192][4096][2048][512])
60488,4096,([4][8][4][2])([16][64][16][8])([32][512][128][32])([4096][1024][2][256])
74964,4096,([2][4][8][2])([4][8][32][16])([8][16][64][32])([4096][2048][1024][128])
13228,1024,([8][16][4][2])([16][64][32][8])([128][256][64][32])([1024][8][128][2])
164248,8192,([4][8][4][2])([8][32][64][8])([16][2048][128][16])([8192][4096][2][256])
36264,2048,([4][8][4][2])([8][64][32][4])([16][32][512][128])([2048][1024][2][256])
132108,8192,([4][2][4][2])([64][16][8][4])([128][512][128][8])([1024][8192][2048][64])
16048,1024,([2][8][4][2])([32][64][8][4])([2][512][256][8])([1024][2][8][128])
67560,4096,([4][2][8][2])([8][32][16][4])([16][256][64][16])([4096][2048][2][128])
40168,2048,([2][4][8][2])([4][8][32][16])([512][256][128][32])([1024][2048][512][64])
38676,2048,([2][4][8][2])([4][16][32][16])([512][256][128][64])([1024][2048][256][128])
69792,4096,([2][8][4][2])([4][64][16][8])([16][128][2048][32])([4096][2][512][2])
47416,4096,([4][2][4][2])([2][4][16][8])([4][16][32][16])([4096][256][128][64])
146760,8192,([8][2][4][2])([64][32][8][4])([128][512][32][16])([8192][4096][2][64])
58076,4096,([2][4][8][2])([16][32][16][8])([64][1024][32][16])([512][4096][16][2])
36440,2048,([2][4][8][2])([4][8][32][16])([8][64][128][64])([2048][1024][512][256])
27256,2048,([2][4][8][2])([4][32][16][64])([16][512][32][128])([2048][2][256][2])
58516,4096,([2][16][4][2])([8][2][16][4])([32][128][32][2])([4096][1024][512][16])
50724,4096,([4][8][4][2])([32][16][8][4])([2][512][256][8])([4096][2][64][32])
75056,4096,([2][4][8][4])([4][16][32][16])([16][32][64][32])([4096][2048][1024][128])
74616,4096,([2][4][8][2])([8][2][32][4])([16][64][128][8])([4096][2048][1024][16])
78400,4096,([2][4][8][2])([128][32][16][4])([4096][2048][32][512])([8][2][1024][2])
36596,2048,([2][4][8][2])([4][16][32][16])([16][128][512][128])([2048][1024][4][256])
37860,2048,([4][2][4][8])([16][64][8][4])([256][512][128][32])([2048][1024][2][256])
54272,4096,([2][4][8][2])([16][32][16][4])([64][1024][32][16])([4096][4][2][64])
114668,8192,([4][16][4][2])([64][2][8][4])([256][1024][128][32])([8192][2][512][256])
59000,4096,([2][4][8][2])([32][128][64][4])([64][1024][512][8])([4096][2][32][2])
69116,4096,([2][4][8][2])([4][8][32][16])([512][256][64][32])([1024][4096][1024][64])
78944,4096,([2][4][2][4])([8][32][64][32])([64][1024][128][2])([4096][2048][2][512])
123540,8192,([4][8][4][2])([16][64][16][4])([32][2048][64][16])([8192][2][512][256])
133224,8192,([2][4][8][2])([4][32][64][32])([8][16][256][128])([8192][2048][1024][512])
110568,8192,([4][2][4][2])([2][32][8][4])([64][512][32][16])([8192][1024][2][32])
36052,2048,([4][8][4][2])([8][64][16][4])([32][512][128][16])([2048][1024][2][256])
111980,8192,([4][8][4][2])([64][32][16][8])([128][512][64][16])([8192][1024][4][128])
123788,8192,([2][4][16][2])([4][2][64][8])([2][8][512][128])([8192][2048][2][256])
79468,4096,([4][2][4][2])([2][16][2][4])([4][8][32][256])([4096][2048][1024][512])
123400,8192,([4][2][4][8])([8][4][32][16])([16][32][64][32])([8192][2048][512][256])
132948,8192,([2][4][2][4])([8][16][8][2])([32][64][128][256])([8192][2048][1024][512])
36356,2048,([4][2][8][4])([8][32][16][8])([256][512][32][16])([1024][2048][128][64])
52100,4096,([2][4][8][2])([32][64][16][4])([128][4096][64][32])([512][2][256][64])
60712,4096,([2][4][8][2])([4][16][32][16])([16][64][128][64])([4096][1024][512][256])
75436,4096,([2][4][8][2])([8][16][128][8])([64][1024][32][2])([4096][2048][2][128])
78004,4096,([4][2][4][2])([2][4][16][4])([8][32][64][8])([4096][2048][1024][512])
31308,2048,([4][2][4][2])([2][4][16][8])([256][128][64][2])([512][2048][512][64])
28376,2048,([4][2][8][4])([2][16][32][8])([256][128][64][32])([512][2048][128][64])
40640,2048,([2][4][16][4])([32][64][32][8])([128][1024][128][16])([1024][2048][2][64])
146448,8192,([4][8][4][2])([16][64][32][8])([32][4096][512][128])([8192][2][4][8])
38652,2048,([2][4][8][2])([4][16][32][16])([512][256][128][64])([1024][2048][256][128])
38540,2048,([2][4][8][4])([8][16][32][16])([512][256][128][32])([1024][2048][256][128])
60196,4096,([2][4][8][2])([4][8][32][16])([8][16][128][32])([4096][1024][512][256])
75000,4096,([4][2][4][2])([8][32][8][4])([32][64][1024][64])([4096][2048][2][128])
59724,4096,([8][2][4][2])([2][16][8][16])([32][1024][32][64])([4096][2][512][256])
116392,8192,([2][4][8][2])([16][256][16][4])([512][8192][64][16])([1024][2][512][64])
76576,4096,([2][4][8][2])([4][16][64][16])([16][32][1024][128])([4096][2048][2][256])
8792,512,([2][4][2][4])([4][8][16][2])([16][128][64][8])([256][512][256][32])
51184,4096,([2][4][2][4])([32][2][4][2])([128][256][32][16])([512][4096][2][32])
76228,4096,([2][4][8][4])([4][2][32][2])([64][256][64][16])([1024][4096][2048][64])
32524,2048,([2][16][4][2])([64][32][8][4])([2][64][256][16])([2048][1024][2][128])
17216,1024,([2][4][8][2])([64][32][16][4])([128][256][32][8])([512][1024][128][64])
80232,4096,([4][2][4][2])([2][4][8][4])([16][64][128][256])([4096][2048][1024][512])
76452,4096,([2][4][2][4])([4][8][16][8])([16][64][128][32])([4096][2048][1024][256])
60456,4096,([2][8][2][4])([4][32][4][128])([16][1024][64][256])([4096][4][512][2])
71636,4096,([4][2][4][2])([2][8][16][32])([4][32][128][64])([4096][2048][512][256])
79904,4096,([2][8][4][2])([8][16][256][16])([16][32][512][32])([4096][2048][1024][64])
67632,4096,([4][2][8][2])([16][8][2][4])([64][128][64][8])([256][4096][2048][16])
17056,1024,([4][2][4][2])([8][32][2][4])([256][128][64][2])([512][1024][128][64])
74588,4096,([4][2][4][8])([16][32][16][4])([32][64][1024][32])([4096][2048][4][64])
71404,4096,([2][4][8][2])([4][8][32][16])([8][32][128][32])([4096][2048][512][256])
37048,2048,([2][4][8][2])([4][16][32][16])([256][128][64][32])([512][2048][1024][128])
62388,4096,([2][4][8][2])([4][64][32][16])([64][256][512][128])([4096][1024][2][256])
80428,4096,([8][2][4][2])([2][16][8][4])([32][64][128][256])([4096][2048][1024][512])
18496,1024,([2][8][4][2])([16][64][16][4])([128][512][32][8])([512][1024][2][32])
31136,2048,([2][8][2][4])([4][16][4][8])([32][1024][8][2])([2048][2][256][16])
176464,8192,([2][4][8][2])([4][2][16][4])([8][64][256][512])([8192][4096][2048][1024])
60504,4096,([2][4][2][4])([4][8][16][8])([32][64][128][32])([4096][1024][512][256])
79568,4096,([2][4][8][2])([8][64][256][16])([4][8][1024][512])([4096][2048][2][4])
36068,2048,([2][4][2][4])([4][16][8][2])([8][64][128][4])([2048][1024][512][256])
132896,8192,([16][2][4][2])([64][32][16][8])([2][2048][128][256])([8192][2][1024][512])
12544,1024,([4][8][4][2])([16][32][16][8])([64][256][64][32])([1024][2][128][4])
58812,4096,([2][8][4][2])([32][16][8][4])([128][512][64][16])([4096][1024][4][32])
74292,4096,([2][4][2][4])([4][8][16][8])([8][16][64][32])([4096][2048][1024][64])
11164,1024,([2][8][4][2])([8][2][8][4])([4][16][4][2])([1024][256][64][16])
122472,8192,([2][4][8][2])([4][8][16][4])([16][32][64][32])([8192][2048][512][128])
17036,1024,([4][2][8][2])([2][4][16][8])([256][128][64][16])([512][1024][128][64])
129444,8192,([2][4][8][2])([4][32][128][16])([16][64][256][32])([8192][2048][1024][64])
81220,4096,([2][4][8][4])([8][32][64][8])([16][128][256][128])([4096][2048][1024][512])
131592,8192,([2][4][8][2])([4][16][32][16])([16][64][128][64])([8192][2048][1024][512])
57220,4096,([2][4][8][2])([4][8][32][16])([256][128][64][32])([512][4096][512][256])
62516,4096,([4][2][8][2])([128][32][16][4])([256][512][64][32])([1024][4096][256][64])
129196,8192,([2][4][2][4])([4][8][32][8])([8][64][128][64])([8192][2048][1024][256])
15724,1024,([2][4][2][4])([8][32][16][8])([16][512][64][16])([1024][2][256][64])
65664,4096,([2][4][8][2])([4][32][16][4])([16][128][32][16])([4096][2048][4][32])
173064,8192,([4][8][4][2])([8][16][256][4])([16][64][128][1024])([8192][4096][2048][4])
23880,2048,([2][8][4][2])([16][64][16][8])([64][128][256][32])([2048][4][64][16])
36356,2048,([2][4][8][2])([4][16][32][16])([8][32][128][64])([2048][1024][512][256])
133144,8192,([4][2][8][4])([2][8][16][64])([16][64][256][128])([8192][2048][1024][512])
33932,2048,([4][2][4][2])([2][8][16][8])([8][32][64][16])([2048][1024][512][64])
51788,4096,([8][4][2][4])([32][16][8][2])([64][128][64][16])([512][4096][256][32])
28320,2048,([2][4][8][2])([8][16][32][16])([256][128][64][32])([512][2048][128][64])
126952,8192,([4][2][4][2])([2][8][32][16])([8][16][64][32])([8192][2048][1024][64])
148296,8192,([2][8][4][2])([64][16][8][4])([4][128][512][64])([8192][4096][2][256])
80556,4096,([2][4][8][2])([4][8][64][32])([16][32][512][128])([4096][2048][1024][256])
166436,8192,([4][2][4][2])([2][8][16][4])([4][32][64][128])([8192][4096][2048][512])
113116,8192,([2][8][4][2])([8][16][32][16])([32][1024][64][128])([8192][2][512][256])
161984,8192,([2][4][2][4])([4][8][16][8])([8][4][64][32])([8192][4096][2048][64])
8276,512,([2][4][8][2])([16][32][16][4])([64][128][64][16])([256][512][128][32])
34208,2048,([4][8][4][2])([16][32][16][4])([32][512][64][16])([2048][1024][4][64])
80600,4096,([2][4][16][2])([8][32][2][4])([32][64][128][256])([4096][2048][1024][512])
75200,4096,([2][4][8][2])([64][32][16][4])([16][2048][32][64])([4096][2][1024][128])
157732,8192,([2][4][8][4])([8][16][64][16])([16][128][256][128])([8192][4096][1024][512])
33292,2048,([4][2][4][2])([8][16][32][16])([256][128][64][32])([1024][2048][128][64])
148552,8192,([2][4][8][2])([4][8][32][16])([32][64][128][64])([8192][4096][512][256])
37624,2048,([4][8][4][2])([16][64][16][8])([128][256][128][16])([1024][2048][512][128])
38188,2048,([2][4][8][2])([16][32][16][4])([32][512][64][16])([1024][2048][512][64])
102188,8192,([8][2][8][4])([2][8][16][2])([8][16][32][4])([8192][512][128][64])
129540,8192,([2][4][8][2])([4][64][32][16])([64][2048][64][128])([8192][2][1024][256])
57724,4096,([8][2][4][2])([32][16][8][4])([64][256][16][8])([1024][4096][256][64])
35756,2048,([2][8][2][4])([4][16][128][8])([32][2][512][256])([2048][1024][2][4])
33900,2048,([4][2][4][2])([2][8][16][4])([4][16][64][32])([2048][1024][512][64])
132604,8192,([2][4][8][2])([4][16][32][16])([16][64][256][64])([8192][2048][1024][512])
35852,2048,([4][2][4][2])([2][8][32][128])([8][16][512][256])([2048][1024][4][2])
8996,512,([4][2][4][2])([16][32][8][4])([32][128][64][16])([256][512][256][32])
60128,4096,([2][4][2][4])([4][8][16][8])([8][32][128][32])([4096][1024][512][256])
31904,2048,([4][8][2][4])([8][32][4][2])([16][1024][16][8])([2048][2][256][128])
115476,8192,([2][4][8][4])([4][16][32][16])([512][256][128][64])([1024][8192][256][128])
35620,2048,([4][2][4][2])([2][8][16][8])([16][32][64][32])([2048][1024][512][256])
83868,4096,([2][4][8][2])([16][32][64][32])([1024][512][128][64])([2048][4096][512][128])
152080,8192,([4][2][4][2])([16][64][32][8])([64][1024][64][32])([8192][4096][2][128])
60416,4096,([4][2][8][2])([32][128][32][4])([4][1024][64][256])([4096][2][512][2])
66532,4096,([2][4][8][2])([8][64][32][4])([16][128][2048][8])([4096][4][128][32])
35468,2048,([4][8][4][2])([16][64][16][8])([128][512][64][32])([2048][1024][2][128])
44940,2048,([2][4][8][2])([4][8][32][16])([512][256][64][32])([1024][2048][1024][64])
106296,8192,([2][4][8][2])([32][64][32][16])([128][256][64][4])([512][8192][256][64])
20676,2048,([2][8][4][2])([8][32][16][8])([16][4][64][16])([2048][2][4][2])
27528,2048,([2][4][8][2])([64][32][16][8])([2][512][256][16])([2048][8][128][64])
101800,8192,([4][2][8][2])([8][32][16][8])([128][64][256][16])([256][8192][2][32])
59968,4096,([2][4][2][4])([4][16][4][2])([256][64][32][8])([1024][4096][512][64])
61140,4096,([4][2][4][2])([2][32][8][4])([64][256][128][32])([512][1024][4096][128])
56332,4096,([4][2][4][2])([8][32][8][16])([256][64][512][8])([512][4096][2][256])
112164,8192,([2][8][4][2])([4][32][64][8])([16][1024][16][256])([8192][2][512][4])
36560,2048,([16][4][2][4])([8][16][32][16])([16][64][128][64])([2048][1024][512][256])
16132,1024,([4][8][4][2])([8][32][16][8])([16][256][64][16])([1024][512][2][128])
165416,8192,([2][4][2][4])([4][8][4][2])([8][16][2][16])([8192][4096][2048][512])
58732,4096,([2][8][4][2])([32][16][8][4])([16][1024][32][64])([4096][2][512][128])
133072,8192,([4][2][4][8])([16][32][8][2])([32][64][128][256])([8192][2048][1024][512])
72344,4096,([4][2][4][2])([16][32][16][8])([32][2048][256][32])([4096][2][512][256])
109284,8192,([4][2][8][2])([64][32][16][4])([128][1024][32][16])([256][8192][64][2])
127144,8192,([4][2][4][2])([2][4][2][32])([4][8][1024][64])([8192][2048][2][128])
68900,4096,([8][4][2][4])([2][16][8][2])([8][2048][32][4])([4096][2][512][64])
56540,4096,([2][4][8][2])([4][32][64][4])([16][256][128][8])([4096][1024][32][16])
35536,2048,([2][4][2][4])([4][8][16][2])([32][64][32][8])([512][2048][1024][256])
79972,4096,([2][4][8][2])([4][16][32][16])([16][32][256][64])([4096][2048][1024][512])
55924,4096,([4][8][4][2])([64][32][16][8])([128][1024][32][16])([4096][4][128][64])
26464,2048,([2][8][4][2])([32][16][8][4])([64][512][16][8])([2048][2][256][16])
20496,1024,([2][4][8][2])([4][16][32][16])([256][128][64][32])([512][1024][512][64])
7808,512,([4][2][4][2])([2][8][16][4])([128][64][32][8])([256][512][128][32])
78568,4096,([2][4][8][2])([4][32][128][16])([32][2][1024][512])([4096][2048][2][4])
168388,8192,([4][2][4][2])([2][4][8][4])([32][64][128][256])([8192][4096][2048][512])
69848,4096,([2][4][8][2])([4][8][32][16])([512][256][128][32])([1024][4096][1024][128])
78504,4096,([4][2][4][2])([2][8][2][4])([4][16][32][128])([4096][2048][1024][512])
36344,2048,([2][4][8][2])([4][16][32][16])([8][32][128][64])([2048][1024][512][256])
67328,4096,([4][8][4][2])([8][16][32][8])([32][256][128][16])([4096][2048][2][32])
38116,2048,([2][4][8][2])([16][32][16][4])([32][512][64][8])([1024][2048][512][64])
71592,4096,([2][8][4][2])([8][16][32][8])([16][32][128][64])([4096][2048][512][256])
60532,4096,([2][4][8][2])([8][32][16][4])([64][1024][128][32])([4096][32][512][256])
76664,4096,([2][4][8][2])([4][8][32][16])([8][32][128][64])([4096][2048][1024][256])
16288,1024,([4][8][4][2])([16][32][16][8])([32][256][64][16])([1024][512][2][128])
62804,4096,([2][4][2][4])([4][16][32][8])([512][256][128][64])([1024][4096][256][128])
60236,4096,([4][2][4][2])([64][32][8][4])([256][1024][64][16])([4096][4][512][64])
32416,2048,([2][8][4][2])([8][32][16][8])([64][256][64][2])([2048][1024][2][128])
35708,2048,([4][8][4][2])([2][16][8][4])([128][2048][1024][512])([256][2][4][8])
44768,2048,([4][2][4][2])([8][32][16][8])([64][512][256][16])([1024][2048][1024][64])
148932,8192,([2][8][4][2])([4][128][64][8])([16][4096][128][32])([8192][2][512][256])
16520,1024,([4][2][4][2])([64][16][2][4])([128][256][32][8])([512][1024][64][32])
60460,4096,([2][4][2][4])([4][16][32][8])([8][32][128][64])([4096][1024][512][256])
18008,1024,([2][4][8][2])([8][64][32][4])([256][128][256][16])([512][1024][2][64])
43976,2048,([2][4][2][4])([4][2][4][2])([512][128][64][8])([1024][2048][1024][128])
60612,4096,([2][4][8][2])([16][32][16][4])([64][128][64][8])([512][4096][1024][256])
80584,4096,([4][2][4][8])([16][32][8][2])([32][64][128][256])([4096][2048][1024][512])
29992,2048,([4][8][4][2])([16][64][32][8])([64][512][128][2])([512][2048][2][64])
27288,2048,([2][16][4][2])([4][32][64][4])([32][256][128][2])([2048][512][2][4])
79144,4096,([4][16][4][2])([16][64][128][8])([64][1024][512][16])([4096][2048][32][2])
34772,2048,([2][4][2][4])([4][2][16][2])([8][16][128][32])([2048][1024][512][128])
124064,8192,([4][2][8][2])([2][8][16][8])([16][64][128][64])([8192][2048][512][256])
15852,1024,([2][4][8][2])([16][32][16][4])([32][64][32][8])([64][1024][512][256])
16248,1024,([2][4][2][4])([64][16][4][2])([2][8][256][64])([1024][512][2][128])
157164,8192,([2][4][8][2])([4][32][128][16])([8192][64][1024][256])([4][4096][2][512])
36360,2048,([2][4][2][4])([4][8][16][2])([256][128][64][8])([1024][2048][512][64])
80568,4096,([4][8][4][2])([16][32][16][8])([32][64][128][256])([4096][2048][1024][512])
40236,2048,([4][8][16][4])([16][64][32][8])([256][128][1024][16])([512][2048][2][512])
34076,2048,([2][4][2][4])([4][32][8][2])([32][256][128][16])([1024][2048][256][64])
71256,4096,([2][4][8][2])([4][8][128][32])([8][32][512][256])([4096][2048][4][2])
43384,2048,([2][16][4][2])([4][128][8][4])([16][256][64][16])([2048][2][2048][32])
102976,4096,([2][4][8][2])([4][8][64][32])([1024][512][128][64])([2048][4096][2048][512])
67360,4096,([2][8][4][2])([4][16][32][4])([8][32][256][16])([4096][2048][2][128])
8496,512,([2][4][2][4])([4][8][16][8])([32][64][32][4])([256][512][256][64])
32172,2048,([4][2][4][2])([2][4][8][4])([16][32][1024][16])([2048][256][128][64])
42128,2048,([4][2][8][2])([64][32][16][8])([128][256][32][16])([1024][2048][1024][128])
36204,2048,([2][4][2][8])([4][8][16][2])([8][32][128][64])([2048][1024][512][256])
25096,2048,([2][4][2][4])([4][16][4][2])([2][4][32][8])([2048][512][128][32])
43480,2048,([4][2][4][8])([16][32][8][2])([32][512][64][8])([1024][2048][1024][128])
75212,4096,([2][4][8][2])([32][64][32][16])([2][16][1024][64])([4096][2048][2][128])
173328,8192,([4][2][4][2])([16][32][16][4])([32][64][128][256])([8192][4096][2048][1024])
84516,4096,([8][4][2][4])([2][16][32][64])([32][256][512][128])([4096][2048][1024][512])
47072,4096,([4][2][4][2])([2][4][8][4])([4][8][32][8])([4096][256][128][32])
53940,4096,([4][2][4][2])([32][16][2][4])([64][128][16][8])([512][4096][512][64])
38676,2048,([2][4][8][2])([4][8][32][16])([512][256][128][64])([1024][2048][256][128])
74604,4096,([4][2][4][2])([2][8][16][8])([8][16][32][16])([4096][2048][1024][128])
43800,2048,([4][2][4][8])([2][4][32][16])([512][128][64][32])([1024][2048][1024][64])
132708,8192,([2][8][16][4])([8][64][32][8])([64][1024][256][16])([8192][2048][4][512])
34424,2048,([4][2][4][2])([2][4][16][4])([8][64][32][8])([128][2048][1024][512])
16280,1024,([4][8][4][2])([16][32][16][8])([32][256][64][32])([1024][512][2][128])
35204,2048,([4][8][4][2])([16][32][16][8])([64][1024][128][16])([2048][2][512][128])
59644,4096,([2][4][8][2])([16][32][64][8])([2][1024][512][16])([4096][8][2][256])
80484,4096,([4][2][4][2])([2][4][16][64])([8][16][256][128])([4096][2048][1024][512])
35432,2048,([2][4][8][2])([16][32][64][4])([2][16][512][256])([2048][1024][4][2])
133120,8192,([4][2][8][4])([16][128][32][8])([32][64][1024][256])([8192][2048][2][512])
119820,8192,([4][2][4][2])([2][8][16][4])([8][16][64][8])([8192][2048][256][128])
16788,1024,([2][8][2][4])([16][64][8][2])([128][1024][128][16])([256][2][512][32])
27388,2048,([4][8][2][4])([32][4][8][2])([64][256][32][8])([512][2048][128][32])
79136,4096,([4][2][4][8])([8][16][128][16])([16][64][512][32])([4096][2048][1024][64])
148504,8192,([2][4][8][2])([4][8][64][32])([16][32][128][64])([8192][4096][512][256])
23400,2048,([4][8][4][2])([16][32][16][8])([64][2048][32][16])([256][2][128][32])
36412,2048,([2][4][8][2])([16][32][16][8])([64][256][32][16])([1024][2048][512][128])
32288,2048,([4][2][4][2])([2][32][8][4])([128][1024][32][8])([2048][2][256][64])
79472,4096,([4][8][4][2])([16][64][32][8])([4096][128][1024][128])([4][2048][2][512])
118912,8192,([2][8][16][4])([32][64][32][8])([256][128][1024][32])([1024][8192][2][128])
69772,4096,([2][4][8][2])([8][32][16][4])([128][64][2048][8])([512][4096][2][32])
55756,4096,([2][4][8][4])([4][32][16][2])([16][1024][32][16])([4096][4][256][64])
71676,4096,([2][4][8][2])([4][16][32][16])([32][64][128][32])([4096][2048][512][256])
41472,2048,([4][2][4][2])([16][32][128][4])([256][2048][64][16])([1024][2][1024][64])
11928,1024,([4][2][8][2])([16][32][16][4])([32][64][32][16])([256][1024][64][8])
32652,2048,([2][4][2][4])([16][64][32][2])([32][1024][64][32])([2048][2][256][128])
78848,4096,([2][4][2][4])([4][8][16][2])([16][32][64][128])([4096][2048][1024][512])
60760,4096,([2][4][8][2])([4][16][32][16])([16][64][128][64])([4096][1024][512][256])
71528,4096,([2][4][8][2])([4][16][128][16])([8][32][256][32])([4096][2048][512][64])
25860,2048,([8][2][4][2])([32][16][8][4])([64][128][32][16])([2048][512][4][64])
56420,4096,([2][4][2][4])([4][64][16][8])([256][4096][32][16])([512][2][512][256])
157356,8192,([2][4][8][2])([16][32][16][4])([32][64][128][256])([8192][4096][1024][512])
51432,4096,([2][8][4][2])([4][32][64][8])([8][512][32][128])([4096][4][256][2])
80660,4096,([2][4][8][2])([4][16][32][64])([8][32][256][128])([4096][2048][1024][512])
71288,4096,([4][2][4][2])([2][4][16][4])([8][64][128][16])([4096][2048][512][256])
17176,1024,([4][2][8][4])([2][16][32][16])([256][128][64][32])([512][1024][128][64])
80136,4096,([2][8][4][2])([8][128][16][8])([16][2048][256][16])([4096][2][1024][512])
111632,8192,([2][4][8][2])([64][32][16][4])([128][1024][64][16])([8192][4][512][32])
34756,2048,([2][8][4][2])([8][16][32][16])([16][32][64][32])([2048][1024][512][128])
28548,2048,([4][2][4][2])([2][16][32][8])([32][256][64][16])([2048][512][256][64])
128328,8192,([2][4][8][2])([16][32][16][8])([32][1024][64][16])([8192][2048][2][256])
12072,1024,([8][4][2][4])([2][32][8][2])([32][256][32][8])([1024][2][128][32])
14756,1024,([2][4][8][2])([8][32][16][8])([32][128][64][16])([1024][512][2][64])
15700,1024,([2][4][8][2])([4][8][16][4])([8][2][512][8])([1024][256][128][16])
112316,8192,([2][4][8][2])([4][8][32][16])([8][32][64][32])([8192][1024][512][256])
25768,2048,([4][8][4][2])([8][32][16][4])([64][2048][32][16])([128][2][512][64])
67604,4096,([2][4][2][4])([4][32][16][8])([16][2048][32][64])([4096][2][256][128])
167100,8192,([2][4][8][4])([8][16][32][16])([16][32][128][64])([8192][4096][2048][512])
78240,4096,([2][4][8][2])([4][8][32][16])([8][32][64][32])([4096][2048][1024][512])
27212,2048,([4][8][4][2])([16][64][16][8])([32][4][256][32])([2048][512][2][128])
81184,4096,([2][4][16][2])([4][8][64][32])([8][128][256][128])([4096][2048][1024][512])
130508,8192,([2][8][4][2])([4][64][32][8])([16][2048][1024][16])([8192][4][8][512])
71844,4096,([2][4][8][4])([8][16][32][16])([16][64][128][64])([4096][2048][512][256])
120188,8192,([2][4][8][2])([4][16][32][16])([8][32][256][32])([8192][2048][128][64])
17048,1024,([2][4][8][4])([64][32][16][8])([128][256][32][16])([512][1024][128][32])
58956,4096,([2][4][8][2])([16][64][16][4])([64][2][512][32])([4096][1024][4][128])
120084,8192,([4][2][8][4])([32][16][64][16])([2][2048][32][128])([8192][2][256][2])
36716,2048,([4][2][4][2])([32][64][32][16])([128][512][64][32])([2048][1024][2][256])
157048,8192,([2][4][2][4])([4][16][4][2])([32][64][128][256])([8192][4096][1024][512])
50856,4096,([2][4][2][4])([4][16][4][16])([2][8][16][2])([4096][512][256][128])
52828,4096,([2][16][4][2])([32][8][2][4])([128][512][4][2])([256][4096][8][256])
60240,4096,([4][8][4][2])([128][32][16][8])([8][1024][512][32])([4096][8][2][256])
36528,2048,([4][8][2][4])([32][4][8][2])([128][512][64][32])([1024][2048][256][64])
56556,4096,([4][8][4][2])([64][32][8][4])([128][4096][32][16])([256][4][1024][32])
60224,4096,([2][4][8][2])([8][16][32][4])([32][512][128][16])([4096][1024][2][256])
163820,8192,([2][4][8][2])([16][32][16][8])([64][4096][64][32])([8192][2][2048][256])
68648,4096,([4][2][4][2])([2][16][8][4])([4][8][32][8])([4096][2048][512][16])
35548,2048,([4][2][4][2])([2][4][16][32])([128][1024][128][8])([2048][2][512][128])
132400,8192,([2][4][8][4])([64][32][16][8])([128][512][64][16])([1024][8192][2048][128])
56420,4096,([4][8][4][2])([64][32][16][8])([16][1024][64][32])([4096][2][256][64])
76492,4096,([2][4][8][4])([4][16][32][8])([8][32][128][64])([4096][2048][1024][256])
92144,4096,([2][4][8][2])([8][16][32][16])([512][256][128][32])([2048][4096][2048][128])
122108,8192,([2][4][2][4])([4][8][16][2])([8][16][64][4])([8192][2048][512][128])
79952,4096,([4][8][4][2])([8][16][32][16])([32][2048][64][256])([4096][2][1024][512])
40552,2048,([4][8][4][2])([8][16][32][8])([512][256][128][2])([1024][2048][512][128])
50996,4096,([2][8][2][4])([4][2][16][8])([2][8][256][32])([4096][512][2][128])
35144,2048,([4][2][4][2])([2][4][8][4])([512][128][32][8])([1024][2048][128][64])
134012,8192,([4][8][4][2])([8][256][32][8])([512][8192][64][32])([1024][2][2048][256])
35560,2048,([2][4][2][4])([4][8][32][8])([8][16][64][32])([2048][1024][512][256])
37924,2048,([2][4][8][2])([16][32][16][4])([64][256][128][8])([1024][2048][512][256])
67804,4096,([2][4][8][2])([4][32][16][4])([64][256][64][16])([4096][2048][2][128])
32112,2048,([4][2][4][2])([2][8][16][4])([4][16][32][64])([2048][1024][256][128])
37108,2048,([2][4][2][8])([8][16][64][16])([16][256][128][64])([2048][512][1024][128])
108964,8192,([2][8][4][2])([32][64][8][4])([2][1024][32][128])([8192][2][256][2])
99940,8192,([2][4][2][4])([4][64][32][8])([8][2][128][16])([8192][256][2][64])
85336,4096,([2][4][8][2])([8][32][16][4])([256][128][1024][8])([1024][4096][2048][32])
52048,4096,([2][4][2][4])([4][8][4][2])([256][128][64][4])([512][4096][128][32])
136784,8192,([2][4][2][4])([4][8][16][8])([1024][128][64][16])([2048][8192][1024][128])
22260,2048,([4][2][4][2])([2][4][8][4])([16][32][16][8])([32][2048][256][16])
28184,2048,([2][4][2][4])([4][32][4][2])([256][128][64][16])([512][2048][128][64])
6984,512,([4][2][4][2])([2][4][8][4])([4][8][32][16])([512][256][128][64])
11816,1024,([2][8][2][4])([16][32][8][2])([2][8][128][4])([1024][256][2][32])
36696,2048,([2][4][2][8])([8][16][64][16])([16][64][128][64])([2048][1024][512][256])
36532,2048,([2][4][2][4])([8][16][32][2])([512][256][64][32])([1024][2048][128][64])
16956,1024,([2][4][8][2])([4][128][16][4])([256][1024][64][16])([512][2][128][64])
16276,1024,([4][8][4][2])([16][32][16][8])([32][256][64][32])([1024][512][2][128])
108940,8192,([4][2][16][4])([8][32][8][2])([64][8192][32][4])([256][2][1024][128])
18128,1024,([2][4][8][2])([4][8][32][16])([256][128][64][32])([512][1024][256][64])
121920,8192,([2][4][8][2])([16][32][16][4])([32][2048][64][16])([8192][2][512][64])
290396,16384,([4][2][4][8])([8][16][8][2])([64][128][256][512])([16384][4096][2048][1024])
128908,8192,([4][2][8][2])([2][8][16][32])([8][16][128][64])([8192][2048][1024][256])
17136,1024,([4][2][4][2])([2][16][32][8])([256][128][64][32])([512][1024][128][64])
66172,4096,([2][4][8][2])([4][8][32][16])([256][128][64][32])([1024][4096][1024][128])
80084,4096,([2][4][8][2])([4][16][32][16])([16][64][256][64])([4096][2048][1024][512])
79648,4096,([8][4][2][4])([16][8][32][8])([2][32][1024][256])([4096][2048][2][512])
110980,8192,([2][8][4][2])([32][16][8][4])([128][256][64][16])([1024][8192][256][64])
54632,4096,([4][8][4][2])([8][32][16][8])([16][64][1024][16])([4096][2][128][2])
16320,1024,([4][2][4][2])([16][64][16][8])([64][256][32][2])([1024][512][4][128])
56656,4096,([2][4][2][4])([4][8][16][8])([16][64][1024][32])([4096][256][128][64])
32228,2048,([2][8][2][4])([4][16][8][16])([8][1024][64][32])([2048][2][256][128])
36092,2048,([2][8][4][2])([4][16][128][4])([16][64][256][2])([2048][1024][512][8])
152732,8192,([2][8][4][2])([4][64][32][16])([8][4096][64][256])([8192][2][1024][2])
15168,1024,([2][4][2][4])([4][16][8][2])([128][64][32][4])([512][1024][128][32])
68124,4096,([2][8][4][2])([64][32][8][4])([128][512][32][8])([1024][4096][1024][64])
56524,4096,([2][4][8][2])([16][32][16][4])([128][256][32][16])([4096][1024][2][64])
6368,512,([2][4][8][2])([32][64][16][8])([16][512][32][16])([128][2][128][32])
36068,2048,([2][4][8][2])([16][32][128][16])([32][512][256][2])([2048][1024][2][8])
27484,2048,([4][8][4][2])([16][64][16][8])([256][2048][64][16])([512][2][128][32])
39468,2048,([2][4][8][2])([16][64][16][8])([256][1024][512][32])([512][2048][2][4])
32056,2048,([2][4][8][2])([16][32][16][4])([64][256][64][16])([2048][1024][4][64])
128300,8192,([2][4][2][4])([4][8][16][8])([8][32][64][32])([8192][2048][1024][256])
71904,4096,([2][4][8][2])([4][8][32][16])([256][128][64][32])([512][4096][2048][64])
80512,4096,([2][8][4][2])([4][32][128][16])([32][64][1024][256])([4096][2048][2][512])
44848,2048,([2][4][8][2])([16][64][32][16])([512][256][1024][32])([1024][2048][2][64])
35436,2048,([2][4][2][4])([4][8][16][8])([8][32][64][16])([2048][1024][512][256])
72120,4096,([2][8][2][4])([32][64][128][2])([64][512][256][8])([4096][2048][64][32])
34136,2048,([4][2][4][2])([2][4][16][8])([256][128][64][16])([1024][2048][256][64])
33684,2048,([4][8][2][4])([2][4][16][2])([4][32][8][4])([2048][1024][512][64])
80476,4096,([4][8][4][2])([2][64][16][4])([16][32][256][128])([4096][2048][1024][512])
148072,8192,([2][8][2][4])([8][2][4][2])([32][64][128][4])([8192][4096][512][256])
60600,4096,([4][2][8][2])([8][32][16][8])([64][1024][128][16])([4096][64][512][256])
79944,4096,([4][8][4][2])([16][32][16][8])([32][64][256][32])([4096][2048][1024][512])
36248,2048,([2][4][8][2])([4][8][32][16])([16][32][128][64])([2048][1024][512][256])
56316,4096,([2][4][2][4])([4][8][16][8])([8][16][64][16])([4096][1024][256][128])
131828,8192,([4][2][4][2])([2][4][16][4])([4][16][32][256])([8192][2048][1024][512])
38004,2048,([2][4][8][4])([4][8][32][16])([512][256][128][32])([1024][2048][256][64])
15864,1024,([2][4][8][2])([4][16][32][16])([8][32][64][32])([1024][512][256][64])
60508,4096,([2][4][8][2])([4][8][32][16])([16][64][128][32])([4096][1024][512][256])
16332,1024,([4][2][4][2])([2][8][16][4])([256][64][32][8])([512][1024][128][64])
58112,4096,([2][4][8][2])([16][32][16][4])([32][128][32][8])([256][4096][1024][256])
53076,4096,([4][2][4][8])([16][64][16][4])([128][512][32][16])([256][4096][2][256])
27384,2048,([4][8][4][2])([16][32][16][8])([32][256][64][32])([2048][512][2][128])
11648,1024,([2][4][2][4])([4][16][8][2])([8][256][128][16])([1024][2][8][2])
164348,8192,([4][2][4][2])([2][4][16][32])([16][32][128][64])([8192][4096][2048][256])
74960,4096,([4][8][4][2])([16][32][16][8])([32][1024][64][32])([4096][2048][2][128])
27084,2048,([4][2][4][2])([2][8][2][4])([4][16][32][64])([2048][512][256][128])
56724,4096,([2][4][8][2])([4][16][32][16])([16][32][64][32])([4096][1024][256][128])
60276,4096,([2][4][2][4])([4][8][16][2])([8][32][128][64])([4096][1024][512][256])
36484,2048,([2][4][8][2])([4][16][64][16])([16][64][128][32])([2048][1024][512][256])
76812,4096,([2][4][8][2])([8][16][128][16])([16][64][256][32])([4096][2048][1024][64])
114416,8192,([2][4][8][2])([8][16][32][16])([512][256][64][32])([1024][8192][256][64])
56204,4096,([2][4][8][2])([4][8][32][16])([8][32][64][32])([4096][1024][256][64])
59712,4096,([4][2][8][2])([2][8][16][4])([16][32][64][32])([4096][1024][512][256])
77896,4096,([2][8][2][4])([8][32][8][2])([128][2048][256][16])([4096][2][1024][256])
21744,1024,([4][8][2][4])([2][4][16][2])([256][128][64][16])([512][1024][512][256])
120896,8192,([4][8][4][2])([16][64][16][8])([128][8192][128][16])([256][2][2048][64])
142540,8192,([4][8][4][2])([16][32][16][4])([32][4096][32][16])([8192][2][128][32])
133136,8192,([4][2][8][2])([2][16][32][64])([8][64][256][128])([8192][2048][1024][512])
28180,2048,([2][8][4][2])([64][32][16][8])([128][256][32][16])([512][2048][128][32])
168676,8192,([2][4][8][2])([8][16][64][32])([16][64][256][128])([8192][4096][2048][512])
73352,4096,([2][4][8][2])([4][16][32][64])([16][32][256][128])([4096][2048][512][256])
52116,4096,([2][4][8][2])([64][32][16][4])([128][512][128][8])([256][4096][2][16])
15188,1024,([4][2][4][2])([8][64][8][4])([128][1024][32][16])([512][2][128][32])
103140,8192,([4][2][4][2])([16][64][16][4])([2][16][256][16])([8192][512][2][32])
59844,4096,([4][8][4][2])([128][32][16][8])([8][1024][128][16])([4096][2][512][128])
59292,4096,([4][2][4][2])([2][8][64][8])([16][1024][128][16])([4096][2][512][128])
80088,4096,([2][4][2][8])([4][8][16][4])([8][32][128][256])([4096][2048][1024][512])
31704,2048,([4][2][4][2])([16][32][16][8])([64][1024][32][16])([2048][2][256][32])
63116,4096,([2][4][8][4])([4][32][64][32])([512][256][128][64])([1024][4096][256][128])
15576,1024,([4][8][4][2])([16][32][16][8])([32][1024][64][32])([256][2][512][4])
61172,4096,([2][4][16][2])([4][32][64][32])([16][64][128][64])([4096][1024][512][256])
27064,2048,([4][2][4][2])([2][4][8][4])([4][16][64][8])([2048][512][256][128])
16488,1024,([4][2][4][2])([2][8][32][16])([8][64][128][32])([1024][512][256][64])
21416,2048,([2][4][2][4])([16][8][4][2])([2][4][16][4])([2048][128][64][32])
132728,8192,([2][8][2][4])([8][16][4][2])([16][64][128][256])([8192][2048][1024][512])
112256,8192,([2][4][8][2])([4][32][16][4])([512][128][64][16])([1024][8192][128][64])
57216,4096,([2][4][8][2])([4][8][32][16])([8][32][128][64])([4096][1024][256][128])
102644,8192,([4][8][4][2])([64][32][16][8])([4][512][32][16])([8192][2][128][64])
36444,2048,([4][2][8][2])([2][16][32][4])([8][64][128][64])([2048][1024][512][256])
56572,4096,([2][4][8][2])([16][32][16][8])([32][256][64][16])([4096][1024][2][128])
78816,4096,([2][4][8][4])([4][32][64][8])([32][1024][128][16])([4096][2048][2][512])
36328,2048,([2][4][8][2])([4][16][32][16])([16][32][128][64])([2048][1024][512][256])
62480,4096,([2][4][8][2])([4][16][32][64])([8][64][256][128])([4096][1024][512][256])
16608,1024,([2][4][2][4])([16][64][32][2])([32][256][64][32])([1024][512][2][128])
131212,8192,([4][2][4][8])([2][8][16][2])([16][32][64][128])([8192][2048][1024][512])
45496,2048,([4][2][4][2])([64][32][16][8])([256][512][128][16])([1024][2048][1024][64])
74932,4096,([8][2][8][2])([16][32][16][4])([64][2048][128][16])([4096][4][1024][32])
129000,8192,([4][8][4][2])([16][32][16][8])([64][1024][128][32])([8192][2048][2][256])
71196,4096,([2][4][2][4])([8][16][8][2])([16][32][128][16])([4096][2048][512][256])
78344,4096,([4][8][4][2])([16][32][64][8])([32][2][32][512])([4096][2048][1024][2])
24600,2048,([2][4][8][2])([16][64][16][4])([64][2048][32][16])([256][2][256][32])
80524,4096,([2][4][8][2])([8][16][32][16])([16][128][256][64])([4096][2048][1024][512])
78960,4096,([2][4][8][2])([4][8][16][32])([16][32][128][64])([4096][2048][1024][512])
17024,1024,([2][4][2][4])([4][2][4][8])([256][128][64][32])([512][1024][128][64])
34980,2048,([2][4][2][4])([4][16][64][8])([16][64][128][32])([2048][1024][512][64])
117788,8192,([2][4][8][4])([8][16][32][8])([128][64][1024][256])([1024][2][8192][8])
78396,4096,([2][16][2][4])([32][64][32][8])([4][8][1024][64])([4096][2048][2][512])
49232,4096,([4][2][4][2])([2][4][16][4])([128][64][32][8])([256][4096][256][32])
80620,4096,([4][2][4][8])([16][32][8][2])([32][64][128][256])([4096][2048][1024][512])
16800,1024,([2][4][8][4])([8][16][32][8])([16][32][128][32])([1024][512][256][128])
17092,1024,([4][8][4][2])([8][16][2][8])([256][128][64][32])([512][1024][128][64])
80288,4096,([2][16][4][2])([4][32][8][4])([128][2048][256][32])([4096][2][1024][512])
44412,2048,([4][8][4][2])([8][32][16][4])([512][256][1024][64])([1024][2048][4][2])
60480,4096,([2][4][16][4])([4][32][64][128])([16][1024][512][256])([4096][8][4][2])
15768,1024,([4][8][4][2])([2][16][8][4])([4][512][16][32])([1024][2][256][128])
102976,8192,([2][8][16][2])([4][256][64][4])([16][512][2][8])([8192][2][4][2])
80820,4096,([2][4][8][2])([4][16][32][64])([8][64][256][128])([4096][2048][1024][512])
36612,2048,([4][2][4][2])([2][16][32][16])([256][128][64][32])([512][2048][1024][64])
132912,8192,([2][4][8][2])([4][8][32][16])([32][128][256][32])([8192][2048][1024][512])
36620,2048,([4][2][4][2])([8][16][32][4])([512][256][64][32])([1024][2048][128][64])
78236,4096,([4][8][4][2])([32][64][16][8])([128][2048][256][32])([4096][2][1024][256])
80488,4096,([2][8][2][4])([8][16][4][2])([32][64][128][256])([4096][2048][1024][512])
29668,2048,([4][2][8][2])([16][32][16][4])([32][512][64][16])([512][2048][128][32])
60024,4096,([2][4][8][2])([32][64][32][16])([8][1024][64][256])([4096][2][512][2])
58856,4096,([4][8][4][2])([16][32][16][8])([32][1024][64][16])([4096][2][512][128])
70204,4096,([2][4][2][4])([16][64][16][8])([64][2048][64][128])([4096][2][512][2])
32040,2048,([2][4][2][4])([4][16][32][2])([8][32][128][4])([2048][1024][256][16])
37440,2048,([4][2][4][2])([2][4][8][4])([512][256][64][32])([1024][2048][256][64])
32248,2048,([4][2][16][2])([2][32][8][4])([8][128][256][32])([2048][1024][2][64])
75976,4096,([4][2][4][2])([8][32][16][8])([64][2048][64][32])([4096][2][1024][256])
58496,4096,([2][4][2][4])([4][2][16][8])([8][16][64][16])([4096][1024][512][128])
80748,4096,([2][4][2][8])([8][16][32][16])([32][256][512][64])([4096][2048][1024][128])
80104,4096,([4][2][4][2])([2][8][16][4])([4][16][128][256])([4096][2048][1024][512])
21932,2048,([2][4][2][4])([16][2][4][2])([32][64][8][4])([64][2048][128][64])
68116,4096,([4][8][4][2])([8][64][16][8])([16][2048][128][16])([4096][2][256][128])
59000,4096,([4][8][4][2])([8][32][16][8])([128][1024][64][16])([4096][4][512][64])
28152,2048,([2][8][4][2])([4][128][32][8])([16][64][256][64])([2048][512][2][128])
30816,2048,([4][8][4][2])([2][64][8][4])([128][2048][32][8])([1024][2][64][32])
102516,8192,([2][4][2][4])([4][16][8][2])([8][32][512][16])([8192][64][128][64])
80200,4096,([4][2][4][2])([2][8][16][32])([16][32][256][128])([4096][2048][1024][512])
57396,4096,([2][16][2][4])([8][4][16][2])([32][256][32][4])([1024][4096][256][64])
13524,1024,([4][2][8][4])([16][8][4][2])([128][256][32][8])([256][1024][4][2])
124092,8192,([2][4][2][4])([16][32][16][8])([32][2048][64][128])([8192][2][512][256])
124168,8192,([2][8][4][2])([4][64][16][8])([256][512][64][16])([8192][2048][2][128])
130536,8192,([4][2][8][2])([2][32][16][8])([8][2048][64][4])([8192][2][1024][512])
54384,4096,([2][4][2][4])([4][8][4][2])([16][32][2][4])([4096][1024][128][16])
13808,1024,([4][8][2][4])([2][4][8][2])([128][64][32][4])([256][1024][256][32])
60268,4096,([2][8][4][2])([8][16][64][128])([2][1024][512][256])([4096][2][4][2])
78712,4096,([4][2][4][2])([8][16][8][4])([16][32][64][128])([4096][2048][1024][512])
34680,2048,([4][2][8][2])([2][8][16][4])([512][64][32][8])([1024][2048][128][64])
80732,4096,([2][4][2][8])([4][16][32][64])([8][32][256][128])([4096][2048][1024][512])
80684,4096,([2][4][8][4])([16][32][16][2])([32][64][128][256])([4096][2048][1024][512])
126908,8192,([2][8][4][2])([16][32][16][8])([32][64][1024][64])([8192][2048][2][4])
27148,2048,([2][4][2][4])([4][8][16][8])([8][32][64][16])([2048][512][256][128])
27456,2048,([4][8][4][2])([8][64][16][8])([64][512][128][16])([2048][2][256][32])
62560,4096,([2][4][2][4])([4][8][32][16])([512][256][128][32])([1024][4096][256][128])
122260,8192,([2][8][4][2])([64][32][8][4])([2][128][512][32])([8192][2048][4][2])
36592,2048,([2][4][2][4])([8][32][16][8])([512][128][256][16])([1024][2048][2][128])
116860,8192,([2][8][2][4])([4][2][8][2])([128][64][32][4])([1024][8192][1024][128])
78452,4096,([4][2][8][2])([16][64][32][8])([64][1024][512][32])([4096][2048][32][2])
137868,8192,([2][4][8][2])([16][64][32][4])([256][128][2048][1024])([1024][8192][2][4])
56956,4096,([4][8][4][2])([16][32][16][8])([32][1024][128][16])([4096][2][256][128])
80524,4096,([4][2][8][2])([16][32][16][8])([32][64][128][256])([4096][2048][1024][512])
47212,4096,([4][8][4][2])([8][32][16][8])([16][256][2][16])([4096][2][128][32])
51516,4096,([2][4][2][4])([16][64][16][8])([32][256][512][16])([4096][2][128][32])
70056,4096,([4][8][4][2])([16][64][32][8])([64][128][512][16])([4096][2048][4][2])
36828,2048,([2][4][8][2])([32][64][32][8])([128][256][64][16])([512][2048][1024][64])
67220,4096,([2][8][4][2])([8][64][32][8])([32][2048][64][16])([4096][2][256][32])
60712,4096,([2][4][16][4])([16][64][32][8])([512][128][256][16])([1024][4096][2][64])
166228,8192,([4][2][4][2])([2][4][16][4])([4][32][128][16])([8192][4096][2048][512])
114192,8192,([2][4][8][4])([64][32][16][8])([256][512][32][16])([1024][8192][256][64])
132444,8192,([2][4][2][4])([4][16][4][2])([512][256][64][32])([1024][8192][2048][64])
